<?xml version="1.0" encoding="UTF-8" ?>
 <!DOCTYPE mapper
 PUBLIC "-//mybatis.org//DTD Mapper 3.0//EN"
 "http://mybatis.org/dtd/mybatis-3-mapper.dtd">
<mapper namespace="com.fin.prj.dao.IApplyPetsittingDAO">

<insert id="addDogList">
	INSERT INTO DOG_LIST(LIST_CD, MEMDOG_CD_1, MEMDOG_CD_2, MEMDOG_CD_3)
	VALUES('DLIST'||DOG_LIST_SEQ.NEXTVAL, #{memdog1}, #{memdog2, jdbcType=VARCHAR}, #{memdog3, jdbcType=VARCHAR})
</insert>

<select id="searchListCd" resultType="java.lang.String">
	SELECT LIST_CD
	FROM DOG_LIST
	WHERE LIST_REG_DATE = (SELECT MAX(LIST_REG_DATE)
						   FROM DOG_LIST
						   WHERE MEMDOG_CD_1=#{memdog1})
</select>

<insert id="addPetsittingReq">
	INSERT INTO PETSITTING_REQ(POST_CD, LIST_CD, WORK_DATE, WORK_TIME, CF, CLASS1, CLASS2, CLASS3, ADDR_DETAIL, ZONECODE) 
	VALUES('PREQ'||PETSITTING_REQ_SEQ.NEXTVAL, #{listCd}, TO_DATE(#{dto.workDate} || ' ' || #{dto.startTime}, 'YYYY-MM-DD HH24:MI:SS'), #{dto.time}, #{dto.cf}, '서울', '마포구', #{dto.addr1}, #{dto.addr2}, #{dto.zonecode})
</insert>

<select id="searchPetsittingReqCd" resultType="java.lang.String">
	SELECT POST_CD
	FROM PETSITTING_REQ
	WHERE POST_DATE = (SELECT MAX(POST_DATE)
					   FROM PETSITTING_REQ
					   WHERE LIST_CD=#{listCd})
</select>

<insert id="addReq">
	INSERT INTO REQ(REQ_CD, POST_CD, REQ_TY_CD)
	VALUES('REQ'||REQ_SEQ.NEXTVAL, #{postCd}, #{req})
</insert>

</mapper>